PRAGMA foreign_keys=OFF;
INSERT INTO "organizations" VALUES('org_default','Masjid Al-Ikhlas','masjid-al-ikhlas',NULL,'2026-01-21 16:10:01',0);
INSERT INTO "users" VALUES('user_admin','org_default','admin@masjid.com','$2a$10$dummy_hash_for_dev','Imam Ahmed','admin','2026-01-21 16:10:01',1);
INSERT INTO "events" VALUES('evt_001','org_default','Friday Youth Halaqa','Weekly youth study circle focusing on Islamic fundamentals and contemporary issues.','2024-11-12','19:00','Masjid Al-Ikhlas, Main Hall',NULL,50,'free','manual',NULL,NULL,NULL,NULL,'public','open',NULL,'friday-youth-halaqa','2026-01-21 16:10:01');
INSERT INTO "events" VALUES('evt_002','org_default','Annual Community Dinner','Join us for our annual community dinner to celebrate and strengthen bonds within our community.','2024-12-01','18:30','Community Center',NULL,500,'paid','manual',NULL,NULL,NULL,NULL,'public','open',NULL,'annual-community-dinner','2026-01-21 16:10:01');
INSERT INTO "events" VALUES('evt_003','org_default','Quran Recitation Contest','Annual Quran recitation competition for all age groups.','2024-12-15','09:00','Masjid Al-Ikhlas',NULL,100,'free','manual',NULL,NULL,NULL,NULL,'public','draft',NULL,'quran-recitation-contest','2026-01-21 16:10:01');
INSERT INTO "events" VALUES('evt_004','org_default','Pengajian Akbar: Preparing for Ramadan','A spiritual gathering designed to prepare our hearts and minds for Ramadan.','2024-03-10','09:00','Masjid Al-Ikhlas, Main Hall',NULL,200,'free','manual',NULL,NULL,NULL,NULL,'public','open',NULL,'pengajian-akbar-ramadan','2026-01-21 16:10:01');
INSERT INTO "ticket_types" VALUES('tkt_001','evt_001','General Admission',0,50,'2026-01-21 16:10:01');
INSERT INTO "ticket_types" VALUES('tkt_002','evt_002','Single Ticket',50000,300,'2026-01-21 16:10:01');
INSERT INTO "ticket_types" VALUES('tkt_003','evt_002','Family Ticket (4)',150000,50,'2026-01-21 16:10:01');
INSERT INTO "ticket_types" VALUES('tkt_004','evt_002','VIP Access',100000,20,'2026-01-21 16:10:01');
INSERT INTO "ticket_types" VALUES('tkt_005','evt_003','Participant',0,100,'2026-01-21 16:10:01');
INSERT INTO "ticket_types" VALUES('tkt_006','evt_004','Ikhwan',0,100,'2026-01-21 16:10:01');
INSERT INTO "ticket_types" VALUES('tkt_007','evt_004','Akhwat',0,100,'2026-01-21 16:10:01');
INSERT INTO "participants" VALUES('prt_001','evt_002','tkt_003','REG-8821','Ahmed Ali','ahmed.ali@example.com','+6281234567890',NULL,'male','paid','checked_in','07:45',NULL,'2026-01-21 16:10:01');
INSERT INTO "participants" VALUES('prt_002','evt_002','tkt_002','REG-8822','Fatima Hassan','f.hassan92@gmail.com','+6281234567891',NULL,'female','pending','not_arrived',NULL,NULL,'2026-01-21 16:10:01');
INSERT INTO "participants" VALUES('prt_003','evt_002','tkt_004','REG-8845','Youssef Khan','youssef.k@company.com','+6281234567892',NULL,'male','paid','not_arrived',NULL,NULL,'2026-01-21 16:10:01');
INSERT INTO "participants" VALUES('prt_004','evt_002','tkt_002','REG-8901','Sarah Malik','s.malik@email.com','+6281234567893',NULL,'female','failed','not_arrived',NULL,NULL,'2026-01-21 16:10:01');
INSERT INTO "participants" VALUES('prt_005','evt_004','tkt_006','REG-2026-00123','Ahmad Fauzi','ahmad.fauzi@email.com','+6281234567894',NULL,'male','paid','not_arrived',NULL,NULL,'2026-01-21 16:10:01');
INSERT INTO "waha_config" VALUES('global','','','default',0,'2026-01-21 16:10:04');
INSERT INTO "subscriptions" VALUES('sub_default','org_default','nonprofit','active',NULL,'paid',NULL,500000,'2026-01-21 16:10:04',NULL,'2026-01-21 16:10:04','2026-01-21 16:10:04');
